{"cameraMode":{"drawMode":0,"name":"Shaded","section":"Shading Mode"},"sceneLighting":true,"audioPlay":false,"sceneViewState":{"showFog":true,"showMaterialUpdate":false,"showSkybox":true,"showFlares":true,"showImageEffects":true,"showParticleSystems":true,"showVisualEffectGraphs":true,"m_FxEnabled":true},"in2DMode":false,"pivot":{"x":-3.7295966148376467,"y":4.570494174957275,"z":-2.8474910259246828},"rotation":{"x":0.03485999256372452,"y":0.9549813270568848,"z":-0.26771602034568789,"w":0.12467999756336212},"size":0.04560494422912598,"orthographic":false}